Name, Time
s1, 6:32:48 PM
s10, 6:32:48 PM
s11, 6:32:48 PM
s12, 6:32:48 PM
s13, 6:32:48 PM
s14, 6:32:48 PM
s15, 6:32:48 PM
s16, 6:32:48 PM
s17, 6:32:48 PM
s18, 6:32:48 PM
s19, 6:32:48 PM
s2, 6:32:48 PM
s20, 6:32:48 PM
s21, 6:32:48 PM
s22, 6:32:48 PM
s23, 6:32:48 PM
s24, 6:32:48 PM
s25, 6:32:48 PM
s26, 6:32:48 PM
s27, 6:32:48 PM
s28, 6:32:48 PM
s29, 6:32:48 PM
s3, 6:32:48 PM
s30, 6:32:48 PM
s31, 6:32:48 PM
s32, 6:32:48 PM
s33, 6:32:48 PM
s34, 6:32:48 PM
s35, 6:32:48 PM
s36, 6:32:48 PM
s37, 6:32:48 PM
s38, 6:32:48 PM
s39, 6:32:48 PM
s4, 6:32:48 PM
s40, 6:32:48 PM
s5, 6:32:48 PM
s6, 6:32:48 PM
s7, 6:32:48 PM
s8, 6:32:48 PM
s9, 6:32:48 PM
